Workbook

Sheet README
A1: AI DC Capex 모델 — 빅4 (MSFT · GOOGL · AMZN · META)
A2: 작성 기준일 2026-09-10. 2026년 7월 말 2분기 실적 발표 기준 가이던스 반영.
A4: 시트 구성
A5: Consolidated: 4사 합산, 회사별 비중·조달 갭
A6: MSFT / GOOGL / AMZN / META: 회사별 매출→OCF→Capex→조달 모델 (동일 구조)
A8: 범례
A9: 파란 글씨 + 노란 셀 = 입력값 (수정 가능)
A10: 검정 = 계산식, 초록 = 타 시트 링크, 주황 셀 = 조달 갭 출력
A12: 주의사항
A13: 1. Capex 정의가 회사마다 다름: MSFT=현금PP&E+금융리스, META=현금PP&E+금융리스 원금상환, GOOGL/AMZN=현금PP&E만. 합산 시 정의 차이 존재.
A14: 2. MSFT는 6월 결산 → CY 환산은 근사치. 2026E $175B는 리스 재분류 후 금액(경제적 투자 ~$190B).
A15: 3. 2025A 매출·OCF·현금·부채는 근사치이므로 10-K/10-Q로 확인 후 교체 권장.
... A25: 2025 합산 capex ~$410B, 2026 ~$725B+ (CNBC/업계 집계) — 교차 검증용

Sheet Consolidated
A1: 빅4 합산 — Capex & 자금조달 ($B)
A2: MSFT·GOOGL·AMZN·META 시트 합산. 달력연도 기준. MSFT는 FY→CY 환산 근사.
A4: 항목 | B4: 2025A | C4: 2026E | D4: 2027E | E4: 2028E | F4: 2029E | G4: 2030E | H4: 5년 합계(26E~30E)
A5: 합산 Capex
A6: 총 Capex | B6: =MSFT!B14+GOOGL!B14+AMZN!B14+META!B14 -> 412 | C6: =MSFT!C14+GOOGL!C14+AMZN!C14+META!C14 -> 732.5 | D6: =MSFT!D14+GOOGL!D14+AMZN!D14+META!D14 -> 907.75 | E6: =MSFT!E14+GOOGL!E14+AMZN!E14+META!E14 -> 1031.0425 | F6: =MSFT!F14+GOOGL!F14+AMZN!F14+META!F14 -> 1124.5372 | G6: =MSFT!G14+GOOGL!G14+AMZN!G14+META!G14 -> 1180.764 | H6: =SUM(C6:G6) -> 4976.5937
A7: 서버·칩 | B7: =MSFT!B19+GOOGL!B19+AMZN!B19+META!B19 -> 237.05 | C7: =MSFT!C19+GOOGL!C19+AMZN!C19+META!C19 -> 444.875 | D7: =MSFT!D19+GOOGL!D19+AMZN!D19+META!D19 -> 551.7125 | E7: =MSFT!E19+GOOGL!E19+AMZN!E19+META!E19 -> 621.96362 | F7: =MSFT!F19+GOOGL!F19+AMZN!F19+META!F19 -> 678.57903 | G7: =MSFT!G19+GOOGL!G19+AMZN!G19+META!G19 -> 712.50798 | H7: =SUM(C7:G7) -> 3009.6381
A8: DC·전력·네트워크 | B8: =MSFT!B20+GOOGL!B20+AMZN!B20+META!B20 -> 174.95 | C8: =MSFT!C20+GOOGL!C20+AMZN!C20+META!C20 -> 287.625 | D8: =MSFT!D20+GOOGL!D20+AMZN!D20+META!D20 -> 356.0375 | E8: =MSFT!E20+GOOGL!E20+AMZN!E20+META!E20 -> 409.07887 | F8: =MSFT!F20+GOOGL!F20+AMZN!F20+META!F20 -> 445.95812 | G8: =MSFT!G20+GOOGL!G20+AMZN!G20+META!G20 -> 468.25603 | H8: =SUM(C8:G8) -> 1966.9555
A9: Capex YoY | C9: =IF(B6=0,0,C6/B6-1) -> 0.77791262 | D9: =IF(C6=0,0,D6/C6-1) -> 0.23924915 | E9: =IF(D6=0,0,E6/D6-1) -> 0.13582209 | F9: =IF(E6=0,0,F6/E6-1) -> 0.090679725 | G9: =IF(F6=0,0,G6/F6-1) -> 0.05
A10: 매출 합계 | B10: =MSFT!B8+GOOGL!B8+AMZN!B8+META!B8 -> 1625 | C10: =MSFT!C8+GOOGL!C8+AMZN!C8+META!C8 -> 1941.55 | D10: =MSFT!D8+GOOGL!D8+AMZN!D8+META!D8 -> 2228.2008 | E10: =MSFT!E8+GOOGL!E8+AMZN!E8+META!E8 -> 2504.1885 | F10: =MSFT!F8+GOOGL!F8+AMZN!F8+META!F8 -> 2768.8467 | G10: =MSFT!G8+GOOGL!G8+AMZN!G8+META!G8 -> 3033.8487 | H10: =SUM(C10:G10) -> 12476.635
A11: OCF 합계 | B11: =MSFT!B10+GOOGL!B10+AMZN!B10+META!B10 -> 552.27 | C11: =MSFT!C10+GOOGL!C10+AMZN!C10+META!C10 -> 647.5266 | D11: =MSFT!D10+GOOGL!D10+AMZN!D10+META!D10 -> 753.86908 | E11: =MSFT!E10+GOOGL!E10+AMZN!E10+META!E10 -> 847.83869 | F11: =MSFT!F10+GOOGL!F10+AMZN!F10+META!F10 -> 938.61638 | G11: =MSFT!G10+GOOGL!G10+AMZN!G10+META!G10 -> 1029.745 | H11: =SUM(C11:G11) -> 4217.5957
A12: Capex / 매출 | B12: =IF(B10=0,0,B6/B10) -> 0.25353846 | C12: =IF(C10=0,0,C6/C10) -> 0.37727589 | D12: =IF(D10=0,0,D6/D10) -> 0.40739147 | E12: =IF(E10=0,0,E6/E10) -> 0.41172719 | F12: =IF(F10=0,0,F6/F10) -> 0.40613918 | G12: =IF(G10=0,0,G6/G10) -> 0.38919674 | H12: =IF(H10=0,0,H6/H10) -> 0.39887308
A13: Capex / OCF | B13: =IF(B11=0,0,B6/B11) -> 0.74601191 | C13: =IF(C11=0,0,C6/C11) -> 1.1312277 | D13: =IF(D11=0,0,D6/D11) -> 1.2041215 | E13: =IF(E11=0,0,E6/E11) -> 1.2160833 | F13: =IF(F11=0,0,F6/F11) -> 1.1980796 | G13: =IF(G11=0,0,G6/G11) -> 1.1466567 | H13: =IF(H11=0,0,H6/H11) -> 1.1799599
A15: 합산 자금조달
A16: 현금 capex | B16: =MSFT!B23+GOOGL!B23+AMZN!B23+META!B23 -> 375.05 | C16: =MSFT!C23+GOOGL!C23+AMZN!C23+META!C23 -> 660.825 | D16: =MSFT!D23+GOOGL!D23+AMZN!D23+META!D23 -> 807.15188 | E16: =MSFT!E23+GOOGL!E23+AMZN!E23+META!E23 -> 915.22969 | F16: =MSFT!F23+GOOGL!F23+AMZN!F23+META!F23 -> 998.36459 | G16: =MSFT!G23+GOOGL!G23+AMZN!G23+META!G23 -> 1048.2828 | H16: =SUM(C16:G16) -> 4429.854
A17: 리스/JV 조달 | B17: =MSFT!B22+GOOGL!B22+AMZN!B22+META!B22 -> 36.95 | C17: =MSFT!C22+GOOGL!C22+AMZN!C22+META!C22 -> 71.675 | D17: =MSFT!D22+GOOGL!D22+AMZN!D22+META!D22 -> 100.59812 | E17: =MSFT!E22+GOOGL!E22+AMZN!E22+META!E22 -> 115.81281 | F17: =MSFT!F22+GOOGL!F22+AMZN!F22+META!F22 -> 126.17256 | G17: =MSFT!G22+GOOGL!G22+AMZN!G22+META!G22 -> 132.48119 | H17: =SUM(C17:G17) -> 546.73968
A18: 신규 부채 발행 | B18: =MSFT!B28+GOOGL!B28+AMZN!B28+META!B28 -> 0 | C18: =MSFT!C28+GOOGL!C28+AMZN!C28+META!C28 -> 150 | D18: =MSFT!D28+GOOGL!D28+AMZN!D28+META!D28 -> 140 | E18: =MSFT!E28+GOOGL!E28+AMZN!E28+META!E28 -> 135 | F18: =MSFT!F28+GOOGL!F28+AMZN!F28+META!F28 -> 110 | G18: =MSFT!G28+GOOGL!G28+AMZN!G28+META!G28 -> 105 | H18: =SUM(C18:G18) -> 640
A19: 주주환원 | B19: =MSFT!B31+GOOGL!B31+AMZN!B31+META!B31 -> 0 | C19: =MSFT!C31+GOOGL!C31+AMZN!C31+META!C31 -> 60.5 | D19: =MSFT!D31+GOOGL!D31+AMZN!D31+META!D31 -> 63 | E19: =MSFT!E31+GOOGL!E31+AMZN!E31+META!E31 -> 69 | F19: =MSFT!F31+GOOGL!F31+AMZN!F31+META!F31 -> 76 | G19: =MSFT!G31+GOOGL!G31+AMZN!G31+META!G31 -> 83 | H19: =SUM(C19:G19) -> 351.5
A20: FCF (OCF − 현금 capex) | B20: =MSFT!B38+GOOGL!B38+AMZN!B38+META!B38 -> 177.22 | C20: =MSFT!C38+GOOGL!C38+AMZN!C38+META!C38 -> -13.2984 | D20: =MSFT!D38+GOOGL!D38+AMZN!D38+META!D38 -> -53.282799 | E20: =MSFT!E38+GOOGL!E38+AMZN!E38+META!E38 -> -67.391001 | F20: =MSFT!F38+GOOGL!F38+AMZN!F38+META!F38 -> -59.748216 | G20: =MSFT!G38+GOOGL!G38+AMZN!G38+META!G38 -> -18.537839 | H20: =SUM(C20:G20) -> -212.25826
A21: 기말 현금 합계 | B21: =MSFT!B36+GOOGL!B36+AMZN!B36+META!B36 -> 0 | C21: =MSFT!C36+GOOGL!C36+AMZN!C36+META!C36 -> 613.8766 | D21: =MSFT!D36+GOOGL!D36+AMZN!D36+META!D36 -> 679.05128 | E21: =MSFT!E36+GOOGL!E36+AMZN!E36+META!E36 -> 763.12344 | F21: =MSFT!F36+GOOGL!F36+AMZN!F36+META!F36 -> 831.83039 | G21: =MSFT!G36+GOOGL!G36+AMZN!G36+META!G36 -> 925.93846 | H21: =G21 -> 925.93846
A22: 추가 조달 필요액 | B22: =MSFT!B35+GOOGL!B35+AMZN!B35+META!B35 -> 0 | C22: =MSFT!C35+GOOGL!C35+AMZN!C35+META!C35 -> 0 | D22: =MSFT!D35+GOOGL!D35+AMZN!D35+META!D35 -> 0.85935 | E22: =MSFT!E35+GOOGL!E35+AMZN!E35+META!E35 -> 29.65036 | F22: =MSFT!F35+GOOGL!F35+AMZN!F35+META!F35 -> 28.282602 | G22: =MSFT!G35+GOOGL!G35+AMZN!G35+META!G35 -> 18.16473 | H22: =SUM(C22:G22) -> 76.957041
A23: 총부채 (온밸런스) | B23: =MSFT!B39+GOOGL!B39+AMZN!B39+META!B39 -> 356 | C23: =MSFT!C39+GOOGL!C39+AMZN!C39+META!C39 -> 485 | D23: =MSFT!D39+GOOGL!D39+AMZN!D39+META!D39 -> 600.85935 | E23: =MSFT!E39+GOOGL!E39+AMZN!E39+META!E39 -> 740.50971 | F23: =MSFT!F39+GOOGL!F39+AMZN!F39+META!F39 -> 853.79231 | G23: =MSFT!G39+GOOGL!G39+AMZN!G39+META!G39 -> 951.95704 | H23: =G23 -> 951.95704
A24: 누적 리스/JV 잔액 | B24: =MSFT!B40+GOOGL!B40+AMZN!B40+META!B40 -> 0 | C24: =MSFT!C40+GOOGL!C40+AMZN!C40+META!C40 -> 71.675 | D24: =MSFT!D40+GOOGL!D40+AMZN!D40+META!D40 -> 172.27312 | E24: =MSFT!E40+GOOGL!E40+AMZN!E40+META!E40 -> 288.08593 | F24: =MSFT!F40+GOOGL!F40+AMZN!F40+META!F40 -> 414.25849 | G24: =MSFT!G40+GOOGL!G40+AMZN!G40+META!G40 -> 546.73968 | H24: =G24 -> 546.73968
A26: 회사별 Capex ($B)
A27: MSFT | B27: =MSFT!B14 -> 118 | C27: =MSFT!C14 -> 175 | D27: =MSFT!D14 -> 218.75 | E27: =MSFT!E14 -> 251.5625 | F27: =MSFT!F14 -> 276.71875 | G27: =MSFT!G14 -> 290.55469 | H27: =SUM(C27:G27) -> 1212.5859
A28: GOOGL | B28: =GOOGL!B14 -> 91 | C28: =GOOGL!C14 -> 200 | D28: =GOOGL!D14 -> 260 | E28: =GOOGL!E14 -> 299 | F28: =GOOGL!F14 -> 328.9 | G28: =GOOGL!G14 -> 345.345 | H28: =SUM(C28:G28) -> 1433.245
A29: AMZN | B29: =AMZN!B14 -> 131 | C29: =AMZN!C14 -> 220 | D29: =AMZN!D14 -> 264 | E29: =AMZN!E14 -> 295.68 | F29: =AMZN!F14 -> 319.3344 | G29: =AMZN!G14 -> 335.30112 | H29: =SUM(C29:G29) -> 1434.3155
A30: META | B30: =META!B14 -> 72 | C30: =META!C14 -> 137.5 | D30: =META!D14 -> 165 | E30: =META!E14 -> 184.8 | F30: =META!F14 -> 199.584 | G30: =META!G14 -> 209.5632 | H30: =SUM(C30:G30) -> 896.4472
A32: 회사별 Capex 비중
A33: MSFT | B33: =IF(B$6=0,0,B27/B$6) -> 0.28640777 | C33: =IF(C$6=0,0,C27/C$6) -> 0.23890785 | D33: =IF(D$6=0,0,D27/D$6) -> 0.24098045 | E33: =IF(E$6=0,0,E27/E$6) -> 0.24398849 | F33: =IF(F$6=0,0,F27/F$6) -> 0.24607346 | G33: =IF(G$6=0,0,G27/G$6) -> 0.24607346 | H33: =IF(H$6=0,0,H27/H$6) -> 0.24365782
A34: GOOGL | B34: =IF(B$6=0,0,B28/B$6) -> 0.22087379 | C34: =IF(C$6=0,0,C28/C$6) -> 0.27303754 | D34: =IF(D$6=0,0,D28/D$6) -> 0.28642247 | E34: =IF(E$6=0,0,E28/E$6) -> 0.28999775 | F34: =IF(F$6=0,0,F28/F$6) -> 0.29247589 | G34: =IF(G$6=0,0,G28/G$6) -> 0.29247589 | H34: =IF(H$6=0,0,H28/H$6) -> 0.28799719
A35: AMZN | B35: =IF(B$6=0,0,B29/B$6) -> 0.31796117 | C35: =IF(C$6=0,0,C29/C$6) -> 0.3003413 | D35: =IF(D$6=0,0,D29/D$6) -> 0.29082897 | E35: =IF(E$6=0,0,E29/E$6) -> 0.2867777 | F35: =IF(F$6=0,0,F29/F$6) -> 0.28396963 | G35: =IF(G$6=0,0,G29/G$6) -> 0.28396963 | H35: =IF(H$6=0,0,H29/H$6) -> 0.2882123
A36: META | B36: =IF(B$6=0,0,B30/B$6) -> 0.17475728 | C36: =IF(C$6=0,0,C30/C$6) -> 0.18771331 | D36: =IF(D$6=0,0,D30/D$6) -> 0.18176811 | E36: =IF(E$6=0,0,E30/E$6) -> 0.17923606 | F36: =IF(F$6=0,0,F30/F$6) -> 0.17748102 | G36: =IF(G$6=0,0,G30/G$6) -> 0.17748102 | H36: =IF(H$6=0,0,H30/H$6) -> 0.18013269
A38: 회사별 추가 조달 필요액 ($B)
A39: MSFT | B39: =MSFT!B35 -> 0 | C39: =MSFT!C35 -> 0 | D39: =MSFT!D35 -> 0.85935 | E39: =MSFT!E35 -> 29.65036 | F39: =MSFT!F35 -> 28.282602 | G39: =MSFT!G35 -> 18.16473 | H39: =SUM(C39:G39) -> 76.957041
A40: GOOGL | B40: =GOOGL!B35 -> 0 | C40: =GOOGL!C35 -> 0 | D40: =GOOGL!D35 -> 0 | E40: =GOOGL!E35 -> 0 | F40: =GOOGL!F35 -> 0 | G40: =GOOGL!G35 -> 0 | H40: =SUM(C40:G40) -> 0
A41: AMZN | B41: =AMZN!B35 -> 0 | C41: =AMZN!C35 -> 0 | D41: =AMZN!D35 -> 0 | E41: =AMZN!E35 -> 0 | F41: =AMZN!F35 -> 0 | G41: =AMZN!G35 -> 0 | H41: =SUM(C41:G41) -> 0
A42: META | B42: =META!B35 -> 0 | C42: =META!C35 -> 0 | D42: =META!D35 -> 0 | E42: =META!E35 -> 0 | F42: =META!F35 -> 0 | G42: =META!G35 -> 0 | H42: =SUM(C42:G42) -> 0

Sheet Sheet

Sheet MSFT
A1: Microsoft (MSFT) — Capex & 자금조달 ($B)
A2: 회계연도 6월 결산 → 달력연도(CY)로 환산. 2026E $175B는 FY27부터 DC 내용연수 15→25년 변경으로 금융리스→운용리스 재분류 반영(경제적 투자액은 ~$190B 유지). Capex에 금융리스 포함.
A3: 출처: Microsoft FY26 Q4 earnings call (2026-07-29): Q4 capex $41B, 2/3 short-lived assets, CY2026 capex ≈$175B(리스 재분류 후), FY27 capex YoY 증가, FY26 주주환원 $43B+, FY26 매출 $331B
A5: 항목 | B5: 2025A | C5: 2026E | D5: 2027E | E5: 2028E | F5: 2029E | G5: 2030E | H5: 메모
A6: 매출 · 영업현금흐름
A7: 매출 성장률 | C7: 0.16 | D7: 0.14 | E7: 0.12 | F7: 0.11 | G7: 0.1
A8: 매출 ($B) | B8: 305 | C8: =B8*(1+C7) -> 353.8 | D8: =C8*(1+D7) -> 403.332 | E8: =D8*(1+E7) -> 451.73184 | F8: =E8*(1+F7) -> 501.42234 | G8: =F8*(1+G7) -> 551.56458 | H8: 2025A는 추정치 — 10-K 확인 필요
A9: OCF 마진 | B9: 0.45 | C9: 0.45 | D9: 0.45 | E9: 0.45 | F9: 0.45 | G9: 0.45
A10: 영업현금흐름 OCF ($B) | B10: =B8*B9 -> 137.25 | C10: =C8*C9 -> 159.21 | D10: =D8*D9 -> 181.4994 | E10: =E8*E9 -> 203.27933 | F10: =F8*F9 -> 225.64005 | G10: =G8*G9 -> 248.20406
A12: Capex
A13: Capex 성장률 (2027E~) | D13: 0.25 | E13: 0.15 | F13: 0.1 | G13: 0.05 | H13: 2027E 이후는 가정 (컨센서스/경영진 코멘트 참고)
A14: 총 Capex ($B) | B14: 118 | C14: 175 | D14: =C14*(1+D13) -> 218.75 | E14: =D14*(1+E13) -> 251.5625 | F14: =E14*(1+F13) -> 276.71875 | G14: =F14*(1+G13) -> 290.55469 | H14: 2025A 실적(근사), 2026E 회사 가이던스 중간값
A15: Capex YoY | C15: =IF(B14=0,0,C14/B14-1) -> 0.48305085 | D15: =IF(C14=0,0,D14/C14-1) -> 0.25 | E15: =IF(D14=0,0,E14/D14-1) -> 0.15 | F15: =IF(E14=0,0,F14/E14-1) -> 0.1 | G15: =IF(F14=0,0,G14/F14-1) -> 0.05
A16: Capex / 매출 | B16: =IF(B8=0,0,B14/B8) -> 0.38688525 | C16: =IF(C8=0,0,C14/C8) -> 0.49462973 | D16: =IF(D8=0,0,D14/D8) -> 0.54235716 | E16: =IF(E8=0,0,E14/E8) -> 0.55688459 | F16: =IF(F8=0,0,F14/F8) -> 0.55186761 | G16: =IF(G8=0,0,G14/G8) -> 0.52678272
A17: Capex / OCF | B17: =IF(B10=0,0,B14/B10) -> 0.85974499 | C17: =IF(C10=0,0,C14/C10) -> 1.0991772 | D17: =IF(D10=0,0,D14/D10) -> 1.2052381 | E17: =IF(E10=0,0,E14/E10) -> 1.2375213 | F17: =IF(F10=0,0,F14/F10) -> 1.2263725 | G17: =IF(G10=0,0,G14/G10) -> 1.1706283
A18: 서버·칩(단기자산) 비중 | B18: 0.6 | C18: 0.67 | D18: 0.67 | E18: 0.65 | F18: 0.65 | G18: 0.65 | H18: GPU/CPU/메모리 등 3~6년 자산. 나머지는 DC·전력·네트워크(장기자산)
A19: 서버·칩 capex ($B) | B19: =B14*B18 -> 70.8 | C19: =C14*C18 -> 117.25 | D19: =D14*D18 -> 146.5625 | E19: =E14*E18 -> 163.51562 | F19: =F14*F18 -> 179.86719 | G19: =G14*G18 -> 188.86055
A20: DC·전력·네트워크 capex ($B) | B20: =B14-B19 -> 47.2 | C20: =C14-C19 -> 57.75 | D20: =D14-D19 -> 72.1875 | E20: =E14-E19 -> 88.046875 | F20: =F14-F19 -> 96.851562 | G20: =G14-G19 -> 101.69414
A21: DC capex 중 리스/JV 조달 비율 | B21: 0.25 | C21: 0.3 | D21: 0.35 | E21: 0.35 | F21: 0.35 | G21: 0.35 | H21: 오프밸런스·파트너 자본(JV, 빌드투수트 리스, 사모채)
A22: 리스/JV 조달액 ($B) | B22: =B20*B21 -> 11.8 | C22: =C20*C21 -> 17.325 | D22: =D20*D21 -> 25.265625 | E22: =E20*E21 -> 30.816406 | F22: =F20*F21 -> 33.898047 | G22: =G20*G21 -> 35.592949
A23: 현금 지출 capex ($B) | B23: =B14-B22 -> 106.2 | C23: =C14-C22 -> 157.675 | D23: =D14-D22 -> 193.48438 | E23: =E14-E22 -> 220.74609 | F23: =F14-F22 -> 242.8207 | G23: =G14-G22 -> 254.96174
A25: 자금조달 (Sources & Uses)
A26: 기초 현금 ($B) | B26: 95 | C26: =B26 -> 95 | D26: =C36 -> 65.86 | E26: =D36 -> 40 | F26: =E36 -> 40 | G26: =F36 -> 40 | H26: 2025년말 현금·유가증권 (근사)
A27: (+) OCF | C27: =C10 -> 159.21 | D27: =D10 -> 181.4994 | E27: =E10 -> 203.27933 | F27: =F10 -> 225.64005 | G27: =G10 -> 248.20406
A28: (+) 신규 부채 발행 | C28: 10 | D28: 20 | E28: 20 | F28: 20 | G28: 20 | H28: 회사채·은행차입 가정 (입력)
A29: (+) 리스/JV 조달 | C29: =C22 -> 17.325 | D29: =D22 -> 25.265625 | E29: =E22 -> 30.816406 | F29: =F22 -> 33.898047 | G29: =G22 -> 35.592949
A30: (−) 현금 capex | C30: =C23 -> 157.675 | D30: =D23 -> 193.48438 | E30: =E23 -> 220.74609 | F30: =F23 -> 242.8207 | G30: =G23 -> 254.96174
A31: (−) 주주환원 (배당+자사주) | C31: 43 | D31: 45 | E31: 48 | F31: 50 | G31: 52
A32: (−) 부채 상환 · 기타 투자 | C32: 15 | D32: 15 | E32: 15 | F32: 15 | G32: 15 | H32: 부채 상환 + M&A/전략투자 등 가정 (입력)
A33: 조달 전 기말 현금 ($B) | C33: =C26+C27+C28+C29-C30-C31-C32 -> 65.86 | D33: =D26+D27+D28+D29-D30-D31-D32 -> 39.14065 | E33: =E26+E27+E28+E29-E30-E31-E32 -> 10.349641 | F33: =F26+F27+F28+F29-F30-F31-F32 -> 11.717398 | G33: =G26+G27+G28+G29-G30-G31-G32 -> 21.83527
A34: 최소 유지 현금 | B34: 40 | C34: =$B$34 -> 40 | D34: =$B$34 -> 40 | E34: =$B$34 -> 40 | F34: =$B$34 -> 40 | G34: =$B$34 -> 40
A35: 추가 조달 필요액 — 플러그 ($B) | C35: =MAX(0,C34-C33) -> 0 | D35: =MAX(0,D34-D33) -> 0.85935 | E35: =MAX(0,E34-E33) -> 29.65036 | F35: =MAX(0,F34-F33) -> 28.282602 | G35: =MAX(0,G34-G33) -> 18.16473 | H35: 조달 전 현금이 최소치 미만이면 부족분을 자동 조달(부채 가정)해 기말현금에 가산. 총부채에도 반영
A36: 기말 현금 ($B) | C36: =C33+C35 -> 65.86 | D36: =D33+D35 -> 40 | E36: =E33+E35 -> 40 | F36: =F33+F35 -> 40 | G36: =G33+G35 -> 40
A37: 지표
A38: FCF (OCF − 현금 capex) | B38: =B10-B23 -> 31.05 | C38: =C10-C23 -> 1.535 | D38: =D10-D23 -> -11.984975 | E38: =E10-E23 -> -17.466766 | F38: =F10-F23 -> -17.180649 | G38: =G10-G23 -> -6.7576788
A39: 총부채 (온밸런스, $B) | B39: 45 | C39: =B39+C28+C35-5 -> 50 | D39: =C39+D28+D35-5 -> 65.85935 | E39: =D39+E28+E35-5 -> 110.50971 | F39: =E39+F28+F35-5 -> 153.79231 | G39: =F39+G28+G35-5 -> 186.95704 | H39: 2025A 입력; 이후 = 전기 + 발행 + 플러그 − 상환(상환액 고정: 5,5,5,5,5)
A40: 누적 리스/JV 잔액 ($B) | B40: 0 | C40: =B40+C29 -> 17.325 | D40: =C40+D29 -> 42.590625 | E40: =D40+E29 -> 73.407031 | F40: =E40+F29 -> 107.30508 | G40: =F40+G29 -> 142.89803
A41: 총부채 / OCF | B41: =IF(B10=0,0,B39/B10) -> 0.32786885 | C41: =IF(C10=0,0,C39/C10) -> 0.31405062 | D41: =IF(D10=0,0,D39/D10) -> 0.36286263 | E41: =IF(E10=0,0,E39/E10) -> 0.54363476 | F41: =IF(F10=0,0,F39/F10) -> 0.6815825 | G41: =IF(G10=0,0,G39/G10) -> 0.75323926
A42: (총부채+리스/JV) / OCF | B42: =IF(B10=0,0,(B39+B40)/B10) -> 0.32786885 | C42: =IF(C10=0,0,(C39+C40)/C10) -> 0.42286917 | D42: =IF(D10=0,0,(D39+D40)/D10) -> 0.5975225 | E42: =IF(E10=0,0,(E39+E40)/E10) -> 0.90474886 | F42: =IF(F10=0,0,(F39+F40)/F10) -> 1.1571411 | G42: =IF(G10=0,0,(G39+G40)/G10) -> 1.3289673

Sheet GOOGL
A1: Alphabet (GOOGL) — Capex & 자금조달 ($B)
A2: 12월 결산. Capex = 현금 PP&E 기준(리스 미포함). 2026 가이던스 $195~205B 중간값 사용. 2027은 'significantly increase' 코멘트만 있어 성장률 가정.
A3: 출처: Alphabet Q2 2026 earnings call (2026-07-22): 2026 capex $195~205B(종전 180~190), Q2 capex $44.9B 중 ~60% 서버/40% DC·네트워크, 2027 capex 큰 폭 증가 예정, 현금·유가증권 $242.5B, 장기부채 $98.2B, Q2 FCF -$5.9B
A5: 항목 | B5: 2025A | C5: 2026E | D5: 2027E | E5: 2028E | F5: 2029E | G5: 2030E | H5: 메모
A6: 매출 · 영업현금흐름
A7: 매출 성장률 | C7: 0.22 | D7: 0.16 | E7: 0.13 | F7: 0.11 | G7: 0.1
A8: 매출 ($B) | B8: 402 | C8: =B8*(1+C7) -> 490.44 | D8: =C8*(1+D7) -> 568.9104 | E8: =D8*(1+E7) -> 642.86875 | F8: =E8*(1+F7) -> 713.58431 | G8: =F8*(1+G7) -> 784.94275 | H8: 2025A는 추정치 — 10-K 확인 필요
A9: OCF 마진 | B9: 0.38 | C9: 0.36 | D9: 0.36 | E9: 0.36 | F9: 0.36 | G9: 0.36
A10: 영업현금흐름 OCF ($B) | B10: =B8*B9 -> 152.76 | C10: =C8*C9 -> 176.5584 | D10: =D8*D9 -> 204.80774 | E10: =E8*E9 -> 231.43275 | F10: =F8*F9 -> 256.89035 | G10: =G8*G9 -> 282.57939
A12: Capex
A13: Capex 성장률 (2027E~) | D13: 0.3 | E13: 0.15 | F13: 0.1 | G13: 0.05 | H13: 2027E 이후는 가정 (컨센서스/경영진 코멘트 참고)
A14: 총 Capex ($B) | B14: 91 | C14: 200 | D14: =C14*(1+D13) -> 260 | E14: =D14*(1+E13) -> 299 | F14: =E14*(1+F13) -> 328.9 | G14: =F14*(1+G13) -> 345.345 | H14: 2025A 실적(근사), 2026E 회사 가이던스 중간값
A15: Capex YoY | C15: =IF(B14=0,0,C14/B14-1) -> 1.1978022 | D15: =IF(C14=0,0,D14/C14-1) -> 0.3 | E15: =IF(D14=0,0,E14/D14-1) -> 0.15 | F15: =IF(E14=0,0,F14/E14-1) -> 0.1 | G15: =IF(F14=0,0,G14/F14-1) -> 0.05
A16: Capex / 매출 | B16: =IF(B8=0,0,B14/B8) -> 0.22636816 | C16: =IF(C8=0,0,C14/C8) -> 0.40779708 | D16: =IF(D8=0,0,D14/D8) -> 0.45701397 | E16: =IF(E8=0,0,E14/E8) -> 0.46510271 | F16: =IF(F8=0,0,F14/F8) -> 0.4609126 | G16: =IF(G8=0,0,G14/G8) -> 0.43996202
A17: Capex / OCF | B17: =IF(B10=0,0,B14/B10) -> 0.59570568 | C17: =IF(C10=0,0,C14/C10) -> 1.1327697 | D17: =IF(D10=0,0,D14/D10) -> 1.2694832 | E17: =IF(E10=0,0,E14/E10) -> 1.291952 | F17: =IF(F10=0,0,F14/F10) -> 1.2803128 | G17: =IF(G10=0,0,G14/G10) -> 1.2221167
A18: 서버·칩(단기자산) 비중 | B18: 0.6 | C18: 0.6 | D18: 0.6 | E18: 0.6 | F18: 0.6 | G18: 0.6 | H18: GPU/CPU/메모리 등 3~6년 자산. 나머지는 DC·전력·네트워크(장기자산)
A19: 서버·칩 capex ($B) | B19: =B14*B18 -> 54.6 | C19: =C14*C18 -> 120 | D19: =D14*D18 -> 156 | E19: =E14*E18 -> 179.4 | F19: =F14*F18 -> 197.34 | G19: =G14*G18 -> 207.207
A20: DC·전력·네트워크 capex ($B) | B20: =B14-B19 -> 36.4 | C20: =C14-C19 -> 80 | D20: =D14-D19 -> 104 | E20: =E14-E19 -> 119.6 | F20: =F14-F19 -> 131.56 | G20: =G14-G19 -> 138.138
A21: DC capex 중 리스/JV 조달 비율 | B21: 0.1 | C21: 0.15 | D21: 0.2 | E21: 0.2 | F21: 0.2 | G21: 0.2 | H21: 오프밸런스·파트너 자본(JV, 빌드투수트 리스, 사모채)
A22: 리스/JV 조달액 ($B) | B22: =B20*B21 -> 3.64 | C22: =C20*C21 -> 12 | D22: =D20*D21 -> 20.8 | E22: =E20*E21 -> 23.92 | F22: =F20*F21 -> 26.312 | G22: =G20*G21 -> 27.6276
A23: 현금 지출 capex ($B) | B23: =B14-B22 -> 87.36 | C23: =C14-C22 -> 188 | D23: =D14-D22 -> 239.2 | E23: =E14-E22 -> 275.08 | F23: =F14-F22 -> 302.588 | G23: =G14-G22 -> 317.7174
A25: 자금조달 (Sources & Uses)
A26: 기초 현금 ($B) | B26: 242 | C26: =B26 -> 242 | D26: =C36 -> 245.5584 | E26: =D36 -> 244.96614 | F26: =E36 -> 235.23889 | G26: =F36 -> 210.85325 | H26: 2025년말 현금·유가증권 (근사)
A27: (+) OCF | C27: =C10 -> 176.5584 | D27: =D10 -> 204.80774 | E27: =E10 -> 231.43275 | F27: =F10 -> 256.89035 | G27: =G10 -> 282.57939
A28: (+) 신규 부채 발행 | C28: 30 | D28: 40 | E28: 40 | F28: 30 | G28: 30 | H28: 회사채·은행차입 가정 (입력)
A29: (+) 리스/JV 조달 | C29: =C22 -> 12 | D29: =D22 -> 20.8 | E29: =E22 -> 23.92 | F29: =F22 -> 26.312 | G29: =G22 -> 27.6276
A30: (−) 현금 capex | C30: =C23 -> 188 | D30: =D23 -> 239.2 | E30: =E23 -> 275.08 | F30: =F23 -> 302.588 | G30: =G23 -> 317.7174
A31: (−) 주주환원 (배당+자사주) | C31: 12 | D31: 12 | E31: 15 | F31: 20 | G31: 25
A32: (−) 부채 상환 · 기타 투자 | C32: 15 | D32: 15 | E32: 15 | F32: 15 | G32: 15 | H32: 부채 상환 + M&A/전략투자 등 가정 (입력)
A33: 조달 전 기말 현금 ($B) | C33: =C26+C27+C28+C29-C30-C31-C32 -> 245.5584 | D33: =D26+D27+D28+D29-D30-D31-D32 -> 244.96614 | E33: =E26+E27+E28+E29-E30-E31-E32 -> 235.23889 | F33: =F26+F27+F28+F29-F30-F31-F32 -> 210.85325 | G33: =G26+G27+G28+G29-G30-G31-G32 -> 193.34284
A34: 최소 유지 현금 | B34: 60 | C34: =$B$34 -> 60 | D34: =$B$34 -> 60 | E34: =$B$34 -> 60 | F34: =$B$34 -> 60 | G34: =$B$34 -> 60
A35: 추가 조달 필요액 — 플러그 ($B) | C35: =MAX(0,C34-C33) -> 0 | D35: =MAX(0,D34-D33) -> 0 | E35: =MAX(0,E34-E33) -> 0 | F35: =MAX(0,F34-F33) -> 0 | G35: =MAX(0,G34-G33) -> 0 | H35: 조달 전 현금이 최소치 미만이면 부족분을 자동 조달(부채 가정)해 기말현금에 가산. 총부채에도 반영
A36: 기말 현금 ($B) | C36: =C33+C35 -> 245.5584 | D36: =D33+D35 -> 244.96614 | E36: =E33+E35 -> 235.23889 | F36: =F33+F35 -> 210.85325 | G36: =G33+G35 -> 193.34284
A37: 지표
A38: FCF (OCF − 현금 capex) | B38: =B10-B23 -> 65.4 | C38: =C10-C23 -> -11.4416 | D38: =D10-D23 -> -34.392256 | E38: =E10-E23 -> -43.647249 | F38: =F10-F23 -> -45.697647 | G38: =G10-G23 -> -35.138011
A39: 총부채 (온밸런스, $B) | B39: 98 | C39: =B39+C28+C35-5 -> 123 | D39: =C39+D28+D35-5 -> 158 | E39: =D39+E28+E35-5 -> 193 | F39: =E39+F28+F35-5 -> 218 | G39: =F39+G28+G35-5 -> 243 | H39: 2025A 입력; 이후 = 전기 + 발행 + 플러그 − 상환(상환액 고정: 5,5,5,5,5)
A40: 누적 리스/JV 잔액 ($B) | B40: 0 | C40: =B40+C29 -> 12 | D40: =C40+D29 -> 32.8 | E40: =D40+E29 -> 56.72 | F40: =E40+F29 -> 83.032 | G40: =F40+G29 -> 110.6596
A41: 총부채 / OCF | B41: =IF(B10=0,0,B39/B10) -> 0.6415292 | C41: =IF(C10=0,0,C39/C10) -> 0.69665335 | D41: =IF(D10=0,0,D39/D10) -> 0.7714552 | E41: =IF(E10=0,0,E39/E10) -> 0.83393556 | F41: =IF(F10=0,0,F39/F10) -> 0.84861108 | G41: =IF(G10=0,0,G39/G10) -> 0.85993533
A42: (총부채+리스/JV) / OCF | B42: =IF(B10=0,0,(B39+B40)/B10) -> 0.6415292 | C42: =IF(C10=0,0,(C39+C40)/C10) -> 0.76461953 | D42: =IF(D10=0,0,(D39+D40)/D10) -> 0.9316054 | E42: =IF(E10=0,0,(E39+E40)/E10) -> 1.0790176 | F42: =IF(F10=0,0,(F39+F40)/F10) -> 1.1718307 | G42: =IF(G10=0,0,(G39+G40)/G10) -> 1.2515407

Sheet AMZN
A1: Amazon (AMZN) — Capex & 자금조달 ($B)
A2: 12월 결산. Capex = 현금 capex 기준(금융리스 별도). 리테일·물류 capex 포함 총액이므로 AI/AWS 비중 가정 필요. 2026 $220B 중 ~$20B는 메모리 가격 상승분(용량 증가 없음).
A3: 출처: Amazon Q2 2026 earnings call (2026-07-30): 2026 현금 capex ≈$220B(종전 ~$200B, 메모리 가격 상승), Q2 capex $53.1B, TTM FCF -$7.6B, TTM capex $169B, 장기부채 $128.9B(6개월간 ~2배), AWS 백로그 $496B
A5: 항목 | B5: 2025A | C5: 2026E | D5: 2027E | E5: 2028E | F5: 2029E | G5: 2030E | H5: 메모
A6: 매출 · 영업현금흐름
A7: 매출 성장률 | C7: 0.18 | D7: 0.14 | E7: 0.12 | F7: 0.1 | G7: 0.09
A8: 매출 ($B) | B8: 717 | C8: =B8*(1+C7) -> 846.06 | D8: =C8*(1+D7) -> 964.5084 | E8: =D8*(1+E7) -> 1080.2494 | F8: =E8*(1+F7) -> 1188.2743 | G8: =F8*(1+G7) -> 1295.219 | H8: 2025A는 추정치 — 10-K 확인 필요
A9: OCF 마진 | B9: 0.22 | C9: 0.22 | D9: 0.23 | E9: 0.23 | F9: 0.23 | G9: 0.23
A10: 영업현금흐름 OCF ($B) | B10: =B8*B9 -> 157.74 | C10: =C8*C9 -> 186.1332 | D10: =D8*D9 -> 221.83693 | E10: =E8*E9 -> 248.45736 | F10: =F8*F9 -> 273.3031 | G10: =G8*G9 -> 297.90038
A12: Capex
A13: Capex 성장률 (2027E~) | D13: 0.2 | E13: 0.12 | F13: 0.08 | G13: 0.05 | H13: 2027E 이후는 가정 (컨센서스/경영진 코멘트 참고)
A14: 총 Capex ($B) | B14: 131 | C14: 220 | D14: =C14*(1+D13) -> 264 | E14: =D14*(1+E13) -> 295.68 | F14: =E14*(1+F13) -> 319.3344 | G14: =F14*(1+G13) -> 335.30112 | H14: 2025A 실적(근사), 2026E 회사 가이던스 중간값
A15: Capex YoY | C15: =IF(B14=0,0,C14/B14-1) -> 0.67938931 | D15: =IF(C14=0,0,D14/C14-1) -> 0.2 | E15: =IF(D14=0,0,E14/D14-1) -> 0.12 | F15: =IF(E14=0,0,F14/E14-1) -> 0.08 | G15: =IF(F14=0,0,G14/F14-1) -> 0.05
A16: Capex / 매출 | B16: =IF(B8=0,0,B14/B8) -> 0.18270572 | C16: =IF(C8=0,0,C14/C8) -> 0.26002884 | D16: =IF(D8=0,0,D14/D8) -> 0.27371457 | E16: =IF(E8=0,0,E14/E8) -> 0.27371457 | F16: =IF(F8=0,0,F14/F8) -> 0.26873794 | G16: =IF(G8=0,0,G14/G8) -> 0.258876
A17: Capex / OCF | B17: =IF(B10=0,0,B14/B10) -> 0.83048054 | C17: =IF(C10=0,0,C14/C10) -> 1.1819493 | D17: =IF(D10=0,0,D14/D10) -> 1.1900633 | E17: =IF(E10=0,0,E14/E10) -> 1.1900633 | F17: =IF(F10=0,0,F14/F10) -> 1.1684258 | G17: =IF(G10=0,0,G14/G10) -> 1.1255478
A18: 서버·칩(단기자산) 비중 | B18: 0.55 | C18: 0.6 | D18: 0.6 | E18: 0.6 | F18: 0.6 | G18: 0.6 | H18: GPU/CPU/메모리 등 3~6년 자산. 나머지는 DC·전력·네트워크(장기자산)
A19: 서버·칩 capex ($B) | B19: =B14*B18 -> 72.05 | C19: =C14*C18 -> 132 | D19: =D14*D18 -> 158.4 | E19: =E14*E18 -> 177.408 | F19: =F14*F18 -> 191.60064 | G19: =G14*G18 -> 201.18067
A20: DC·전력·네트워크 capex ($B) | B20: =B14-B19 -> 58.95 | C20: =C14-C19 -> 88 | D20: =D14-D19 -> 105.6 | E20: =E14-E19 -> 118.272 | F20: =F14-F19 -> 127.73376 | G20: =G14-G19 -> 134.12045
A21: DC capex 중 리스/JV 조달 비율 | B21: 0.2 | C21: 0.2 | D21: 0.2 | E21: 0.2 | F21: 0.2 | G21: 0.2 | H21: 오프밸런스·파트너 자본(JV, 빌드투수트 리스, 사모채)
A22: 리스/JV 조달액 ($B) | B22: =B20*B21 -> 11.79 | C22: =C20*C21 -> 17.6 | D22: =D20*D21 -> 21.12 | E22: =E20*E21 -> 23.6544 | F22: =F20*F21 -> 25.546752 | G22: =G20*G21 -> 26.82409
A23: 현금 지출 capex ($B) | B23: =B14-B22 -> 119.21 | C23: =C14-C22 -> 202.4 | D23: =D14-D22 -> 242.88 | E23: =E14-E22 -> 272.0256 | F23: =F14-F22 -> 293.78765 | G23: =G14-G22 -> 308.47703
A25: 자금조달 (Sources & Uses)
A26: 기초 현금 ($B) | B26: 95 | C26: =B26 -> 95 | D26: =C36 -> 143.3332 | E26: =D36 -> 163.41013 | F26: =E36 -> 183.4963 | G26: =F36 -> 198.5585 | H26: 2025년말 현금·유가증권 (근사)
A27: (+) OCF | C27: =C10 -> 186.1332 | D27: =D10 -> 221.83693 | E27: =E10 -> 248.45736 | F27: =F10 -> 273.3031 | G27: =G10 -> 297.90038
A28: (+) 신규 부채 발행 | C28: 65 | D28: 40 | E28: 40 | F28: 30 | G28: 30 | H28: 회사채·은행차입 가정 (입력)
A29: (+) 리스/JV 조달 | C29: =C22 -> 17.6 | D29: =D22 -> 21.12 | E29: =E22 -> 23.6544 | F29: =F22 -> 25.546752 | G29: =G22 -> 26.82409
A30: (−) 현금 capex | C30: =C23 -> 202.4 | D30: =D23 -> 242.88 | E30: =E23 -> 272.0256 | F30: =F23 -> 293.78765 | G30: =G23 -> 308.47703
A31: (−) 주주환원 (배당+자사주) | C31: 0 | D31: 0 | E31: 0 | F31: 0 | G31: 0
A32: (−) 부채 상환 · 기타 투자 | C32: 18 | D32: 20 | E32: 20 | F32: 20 | G32: 20 | H32: 부채 상환 + M&A/전략투자 등 가정 (입력)
A33: 조달 전 기말 현금 ($B) | C33: =C26+C27+C28+C29-C30-C31-C32 -> 143.3332 | D33: =D26+D27+D28+D29-D30-D31-D32 -> 163.41013 | E33: =E26+E27+E28+E29-E30-E31-E32 -> 183.4963 | F33: =F26+F27+F28+F29-F30-F31-F32 -> 198.5585 | G33: =G26+G27+G28+G29-G30-G31-G32 -> 224.80594
A34: 최소 유지 현금 | B34: 40 | C34: =$B$34 -> 40 | D34: =$B$34 -> 40 | E34: =$B$34 -> 40 | F34: =$B$34 -> 40 | G34: =$B$34 -> 40
A35: 추가 조달 필요액 — 플러그 ($B) | C35: =MAX(0,C34-C33) -> 0 | D35: =MAX(0,D34-D33) -> 0 | E35: =MAX(0,E34-E33) -> 0 | F35: =MAX(0,F34-F33) -> 0 | G35: =MAX(0,G34-G33) -> 0 | H35: 조달 전 현금이 최소치 미만이면 부족분을 자동 조달(부채 가정)해 기말현금에 가산. 총부채에도 반영
A36: 기말 현금 ($B) | C36: =C33+C35 -> 143.3332 | D36: =D33+D35 -> 163.41013 | E36: =E33+E35 -> 183.4963 | F36: =F33+F35 -> 198.5585 | G36: =G33+G35 -> 224.80594
A37: 지표
A38: FCF (OCF − 현금 capex) | B38: =B10-B23 -> 38.53 | C38: =C10-C23 -> -16.2668 | D38: =D10-D23 -> -21.043068 | E38: =E10-E23 -> -23.568236 | F38: =F10-F23 -> -20.484548 | G38: =G10-G23 -> -10.576651
A39: 총부채 (온밸런스, $B) | B39: 129 | C39: =B39+C28+C35-8 -> 186 | D39: =C39+D28+D35-10 -> 216 | E39: =D39+E28+E35-10 -> 246 | F39: =E39+F28+F35-10 -> 266 | G39: =F39+G28+G35-10 -> 286 | H39: 2025A 입력; 이후 = 전기 + 발행 + 플러그 − 상환(상환액 고정: 8,10,10,10,10)
A40: 누적 리스/JV 잔액 ($B) | B40: 0 | C40: =B40+C29 -> 17.6 | D40: =C40+D29 -> 38.72 | E40: =D40+E29 -> 62.3744 | F40: =E40+F29 -> 87.921152 | G40: =F40+G29 -> 114.74524
A41: 총부채 / OCF | B41: =IF(B10=0,0,B39/B10) -> 0.81780145 | C41: =IF(C10=0,0,C39/C10) -> 0.99928438 | D41: =IF(D10=0,0,D39/D10) -> 0.97368819 | E41: =IF(E10=0,0,E39/E10) -> 0.99010951 | F41: =IF(F10=0,0,F39/F10) -> 0.97327838 | G41: =IF(G10=0,0,G39/G10) -> 0.96005249
A42: (총부채+리스/JV) / OCF | B42: =IF(B10=0,0,(B39+B40)/B10) -> 0.81780145 | C42: =IF(C10=0,0,(C39+C40)/C10) -> 1.0938403 | D42: =IF(D10=0,0,(D39+D40)/D10) -> 1.1482308 | E42: =IF(E10=0,0,(E39+E40)/E10) -> 1.2411562 | F42: =IF(F10=0,0,(F39+F40)/F10) -> 1.2949767 | G42: =IF(G10=0,0,(G39+G40)/G10) -> 1.3452324

Sheet META
A1: Meta (META) — Capex & 자금조달 ($B)
A2: 12월 결산. Capex에 금융리스 원금상환 포함. 클라우드 매출 없이 광고 OCF로 조달 → 부채·JV(Hyperion/Blue Owl, El Paso/BlackRock 등) 의존도 최고. 자사주 매입 중단.
A3: 출처: Meta Q2 2026 earnings call (2026-07-29): 2026 capex $130~145B(금융리스 원금 포함), Q2 capex $31.1B vs OCF $31.9B(FCF $0.8B), 현금 $90.3B·부채 $83.7B, 상반기 순부채발행 $24.9B, El Paso $14B(BlackRock JV), Hyperion >$50B
A5: 항목 | B5: 2025A | C5: 2026E | D5: 2027E | E5: 2028E | F5: 2029E | G5: 2030E | H5: 메모
A6: 매출 · 영업현금흐름
A7: 매출 성장률 | C7: 0.25 | D7: 0.16 | E7: 0.13 | F7: 0.11 | G7: 0.1
A8: 매출 ($B) | B8: 201 | C8: =B8*(1+C7) -> 251.25 | D8: =C8*(1+D7) -> 291.45 | E8: =D8*(1+E7) -> 329.3385 | F8: =E8*(1+F7) -> 365.56574 | G8: =F8*(1+G7) -> 402.12231 | H8: 2025A는 추정치 — 10-K 확인 필요
A9: OCF 마진 | B9: 0.52 | C9: 0.5 | D9: 0.5 | E9: 0.5 | F9: 0.5 | G9: 0.5
A10: 영업현금흐름 OCF ($B) | B10: =B8*B9 -> 104.52 | C10: =C8*C9 -> 125.625 | D10: =D8*D9 -> 145.725 | E10: =E8*E9 -> 164.66925 | F10: =F8*F9 -> 182.78287 | G10: =G8*G9 -> 201.06115
A12: Capex
A13: Capex 성장률 (2027E~) | D13: 0.2 | E13: 0.12 | F13: 0.08 | G13: 0.05 | H13: 2027E 이후는 가정 (컨센서스/경영진 코멘트 참고)
A14: 총 Capex ($B) | B14: 72 | C14: 137.5 | D14: =C14*(1+D13) -> 165 | E14: =D14*(1+E13) -> 184.8 | F14: =E14*(1+F13) -> 199.584 | G14: =F14*(1+G13) -> 209.5632 | H14: 2025A 실적(근사), 2026E 회사 가이던스 중간값
A15: Capex YoY | C15: =IF(B14=0,0,C14/B14-1) -> 0.90972222 | D15: =IF(C14=0,0,D14/C14-1) -> 0.2 | E15: =IF(D14=0,0,E14/D14-1) -> 0.12 | F15: =IF(E14=0,0,F14/E14-1) -> 0.08 | G15: =IF(F14=0,0,G14/F14-1) -> 0.05
A16: Capex / 매출 | B16: =IF(B8=0,0,B14/B8) -> 0.35820896 | C16: =IF(C8=0,0,C14/C8) -> 0.54726368 | D16: =IF(D8=0,0,D14/D8) -> 0.56613484 | E16: =IF(E8=0,0,E14/E8) -> 0.5611248 | F16: =IF(F8=0,0,F14/F8) -> 0.54595927 | G16: =IF(G8=0,0,G14/G8) -> 0.52114293
A17: Capex / OCF | B17: =IF(B10=0,0,B14/B10) -> 0.68886338 | C17: =IF(C10=0,0,C14/C10) -> 1.0945274 | D17: =IF(D10=0,0,D14/D10) -> 1.1322697 | E17: =IF(E10=0,0,E14/E10) -> 1.1222496 | F17: =IF(F10=0,0,F14/F10) -> 1.0919185 | G17: =IF(G10=0,0,G14/G10) -> 1.0422859
A18: 서버·칩(단기자산) 비중 | B18: 0.55 | C18: 0.55 | D18: 0.55 | E18: 0.55 | F18: 0.55 | G18: 0.55 | H18: GPU/CPU/메모리 등 3~6년 자산. 나머지는 DC·전력·네트워크(장기자산)
A19: 서버·칩 capex ($B) | B19: =B14*B18 -> 39.6 | C19: =C14*C18 -> 75.625 | D19: =D14*D18 -> 90.75 | E19: =E14*E18 -> 101.64 | F19: =F14*F18 -> 109.7712 | G19: =G14*G18 -> 115.25976
A20: DC·전력·네트워크 capex ($B) | B20: =B14-B19 -> 32.4 | C20: =C14-C19 -> 61.875 | D20: =D14-D19 -> 74.25 | E20: =E14-E19 -> 83.16 | F20: =F14-F19 -> 89.8128 | G20: =G14-G19 -> 94.30344
A21: DC capex 중 리스/JV 조달 비율 | B21: 0.3 | C21: 0.4 | D21: 0.45 | E21: 0.45 | F21: 0.45 | G21: 0.45 | H21: 오프밸런스·파트너 자본(JV, 빌드투수트 리스, 사모채)
A22: 리스/JV 조달액 ($B) | B22: =B20*B21 -> 9.72 | C22: =C20*C21 -> 24.75 | D22: =D20*D21 -> 33.4125 | E22: =E20*E21 -> 37.422 | F22: =F20*F21 -> 40.41576 | G22: =G20*G21 -> 42.436548
A23: 현금 지출 capex ($B) | B23: =B14-B22 -> 62.28 | C23: =C14-C22 -> 112.75 | D23: =D14-D22 -> 131.5875 | E23: =E14-E22 -> 147.378 | F23: =F14-F22 -> 159.16824 | G23: =G14-G22 -> 167.12665
A25: 자금조달 (Sources & Uses)
A26: 기초 현금 ($B) | B26: 90 | C26: =B26 -> 90 | D26: =C36 -> 159.125 | E26: =D36 -> 230.675 | F26: =E36 -> 304.38825 | G26: =F36 -> 382.41864 | H26: 2025년말 현금·유가증권 (근사)
A27: (+) OCF | C27: =C10 -> 125.625 | D27: =D10 -> 145.725 | E27: =E10 -> 164.66925 | F27: =F10 -> 182.78287 | G27: =G10 -> 201.06115
A28: (+) 신규 부채 발행 | C28: 45 | D28: 40 | E28: 35 | F28: 30 | G28: 25 | H28: 회사채·은행차입 가정 (입력)
A29: (+) 리스/JV 조달 | C29: =C22 -> 24.75 | D29: =D22 -> 33.4125 | E29: =E22 -> 37.422 | F29: =F22 -> 40.41576 | G29: =G22 -> 42.436548
A30: (−) 현금 capex | C30: =C23 -> 112.75 | D30: =D23 -> 131.5875 | E30: =E23 -> 147.378 | F30: =F23 -> 159.16824 | G30: =G23 -> 167.12665
A31: (−) 주주환원 (배당+자사주) | C31: 5.5 | D31: 6 | E31: 6 | F31: 6 | G31: 6
A32: (−) 부채 상환 · 기타 투자 | C32: 8 | D32: 10 | E32: 10 | F32: 10 | G32: 10 | H32: 부채 상환 + M&A/전략투자 등 가정 (입력)
A33: 조달 전 기말 현금 ($B) | C33: =C26+C27+C28+C29-C30-C31-C32 -> 159.125 | D33: =D26+D27+D28+D29-D30-D31-D32 -> 230.675 | E33: =E26+E27+E28+E29-E30-E31-E32 -> 304.38825 | F33: =F26+F27+F28+F29-F30-F31-F32 -> 382.41864 | G33: =G26+G27+G28+G29-G30-G31-G32 -> 467.78969
A34: 최소 유지 현금 | B34: 40 | C34: =$B$34 -> 40 | D34: =$B$34 -> 40 | E34: =$B$34 -> 40 | F34: =$B$34 -> 40 | G34: =$B$34 -> 40
A35: 추가 조달 필요액 — 플러그 ($B) | C35: =MAX(0,C34-C33) -> 0 | D35: =MAX(0,D34-D33) -> 0 | E35: =MAX(0,E34-E33) -> 0 | F35: =MAX(0,F34-F33) -> 0 | G35: =MAX(0,G34-G33) -> 0 | H35: 조달 전 현금이 최소치 미만이면 부족분을 자동 조달(부채 가정)해 기말현금에 가산. 총부채에도 반영
A36: 기말 현금 ($B) | C36: =C33+C35 -> 159.125 | D36: =D33+D35 -> 230.675 | E36: =E33+E35 -> 304.38825 | F36: =F33+F35 -> 382.41864 | G36: =G33+G35 -> 467.78969
A37: 지표
A38: FCF (OCF − 현금 capex) | B38: =B10-B23 -> 42.24 | C38: =C10-C23 -> 12.875 | D38: =D10-D23 -> 14.1375 | E38: =E10-E23 -> 17.29125 | F38: =F10-F23 -> 23.614628 | G38: =G10-G23 -> 33.934502
A39: 총부채 (온밸런스, $B) | B39: 84 | C39: =B39+C28+C35-3 -> 126 | D39: =C39+D28+D35-5 -> 161 | E39: =D39+E28+E35-5 -> 191 | F39: =E39+F28+F35-5 -> 216 | G39: =F39+G28+G35-5 -> 236 | H39: 2025A 입력; 이후 = 전기 + 발행 + 플러그 − 상환(상환액 고정: 3,5,5,5,5)
A40: 누적 리스/JV 잔액 ($B) | B40: 0 | C40: =B40+C29 -> 24.75 | D40: =C40+D29 -> 58.1625 | E40: =D40+E29 -> 95.5845 | F40: =E40+F29 -> 136.00026 | G40: =F40+G29 -> 178.43681
A41: 총부채 / OCF | B41: =IF(B10=0,0,B39/B10) -> 0.80367394 | C41: =IF(C10=0,0,C39/C10) -> 1.0029851 | D41: =IF(D10=0,0,D39/D10) -> 1.1048207 | E41: =IF(E10=0,0,E39/E10) -> 1.1599008 | F41: =IF(F10=0,0,F39/F10) -> 1.18173 | G41: =IF(G10=0,0,G39/G10) -> 1.1737722
A42: (총부채+리스/JV) / OCF | B42: =IF(B10=0,0,(B39+B40)/B10) -> 0.80367394 | C42: =IF(C10=0,0,(C39+C40)/C10) -> 1.2 | D42: =IF(D10=0,0,(D39+D40)/D10) -> 1.5039458 | E42: =IF(E10=0,0,(E39+E40)/E10) -> 1.7403644 | F42: =IF(F10=0,0,(F39+F40)/F10) -> 1.9257837 | G42: =IF(G10=0,0,(G39+G40)/G10) -> 2.0612475
